encoding_version,game_id,turn,seed,direction,label_source
3,a533e4ce-6394-41b2-8632-574bc3314d30,0,100,down,main
3,a533e4ce-6394-41b2-8632-574bc3314d30,1,100,left,main
3,a533e4ce-6394-41b2-8632-574bc3314d30,2,100,down,main
3,a533e4ce-6394-41b2-8632-574bc3314d30,3,100,down,main
3,a533e4ce-6394-41b2-8632-574bc3314d30,4,100,right,main
3,a533e4ce-6394-41b2-8632-574bc3314d30,5,100,down,main
3,a533e4ce-6394-41b2-8632-574bc3314d30,6,100,right,main
3,a533e4ce-6394-41b2-8632-574bc3314d30,7,100,down,main
3,a533e4ce-6394-41b2-8632-574bc3314d30,8,100,left,main
3,a533e4ce-6394-41b2-8632-574bc3314d30,9,100,up,main
3,a533e4ce-6394-41b2-8632-574bc3314d30,10,100,right,main
3,a533e4ce-6394-41b2-8632-574bc3314d30,11,100,up,main
3,a533e4ce-6394-41b2-8632-574bc3314d30,12,100,up,main
3,a533e4ce-6394-41b2-8632-574bc3314d30,13,100,left,main
3,a533e4ce-6394-41b2-8632-574bc3314d30,14,100,down,main
3,a533e4ce-6394-41b2-8632-574bc3314d30,15,100,down,main
3,a533e4ce-6394-41b2-8632-574bc3314d30,16,100,right,main
3,a533e4ce-6394-41b2-8632-574bc3314d30,17,100,up,main
3,a533e4ce-6394-41b2-8632-574bc3314d30,18,100,left,main
3,a533e4ce-6394-41b2-8632-574bc3314d30,19,100,up,main
3,a533e4ce-6394-41b2-8632-574bc3314d30,20,100,left,main
3,a533e4ce-6394-41b2-8632-574bc3314d30,21,100,up,main
3,a533e4ce-6394-41b2-8632-574bc3314d30,22,100,up,main
3,a533e4ce-6394-41b2-8632-574bc3314d30,23,100,up,main
3,a533e4ce-6394-41b2-8632-574bc3314d30,24,100,up,main
3,a533e4ce-6394-41b2-8632-574bc3314d30,25,100,left,main
3,a533e4ce-6394-41b2-8632-574bc3314d30,26,100,down,main
3,a533e4ce-6394-41b2-8632-574bc3314d30,27,100,right,main
3,a533e4ce-6394-41b2-8632-574bc3314d30,28,100,down,main
3,a533e4ce-6394-41b2-8632-574bc3314d30,29,100,down,main
3,a533e4ce-6394-41b2-8632-574bc3314d30,30,100,left,main
3,a533e4ce-6394-41b2-8632-574bc3314d30,31,100,down,main
3,a533e4ce-6394-41b2-8632-574bc3314d30,32,100,right,main
3,a533e4ce-6394-41b2-8632-574bc3314d30,33,100,right,main
3,a533e4ce-6394-41b2-8632-574bc3314d30,34,100,down,main
3,a533e4ce-6394-41b2-8632-574bc3314d30,35,100,down,main
3,a533e4ce-6394-41b2-8632-574bc3314d30,36,100,right,main
3,a533e4ce-6394-41b2-8632-574bc3314d30,37,100,up,main
3,a533e4ce-6394-41b2-8632-574bc3314d30,38,100,up,main
3,a533e4ce-6394-41b2-8632-574bc3314d30,39,100,up,main
3,a533e4ce-6394-41b2-8632-574bc3314d30,40,100,left,main
3,a533e4ce-6394-41b2-8632-574bc3314d30,41,100,up,main
3,a533e4ce-6394-41b2-8632-574bc3314d30,42,100,right,main
3,a533e4ce-6394-41b2-8632-574bc3314d30,43,100,up,main
3,a533e4ce-6394-41b2-8632-574bc3314d30,44,100,up,main
3,a533e4ce-6394-41b2-8632-574bc3314d30,45,100,up,main
3,a533e4ce-6394-41b2-8632-574bc3314d30,46,100,up,main
3,a533e4ce-6394-41b2-8632-574bc3314d30,47,100,up,main
3,a533e4ce-6394-41b2-8632-574bc3314d30,48,100,left,main
3,a533e4ce-6394-41b2-8632-574bc3314d30,49,100,left,main
3,a533e4ce-6394-41b2-8632-574bc3314d30,50,100,down,main
3,a533e4ce-6394-41b2-8632-574bc3314d30,51,100,right,main
3,a533e4ce-6394-41b2-8632-574bc3314d30,52,100,down,main
3,a533e4ce-6394-41b2-8632-574bc3314d30,53,100,right,main
3,a533e4ce-6394-41b2-8632-574bc3314d30,54,100,up,main
3,a533e4ce-6394-41b2-8632-574bc3314d30,55,100,up,main
3,a533e4ce-6394-41b2-8632-574bc3314d30,56,100,left,main
3,a533e4ce-6394-41b2-8632-574bc3314d30,57,100,left,main
3,a533e4ce-6394-41b2-8632-574bc3314d30,58,100,left,main
3,a533e4ce-6394-41b2-8632-574bc3314d30,59,100,left,main
3,a533e4ce-6394-41b2-8632-574bc3314d30,60,100,left,main
3,a533e4ce-6394-41b2-8632-574bc3314d30,61,100,down,main
3,a533e4ce-6394-41b2-8632-574bc3314d30,62,100,down,main
3,a533e4ce-6394-41b2-8632-574bc3314d30,63,100,left,main
3,a533e4ce-6394-41b2-8632-574bc3314d30,64,100,left,main
3,a533e4ce-6394-41b2-8632-574bc3314d30,65,100,down,main
3,a533e4ce-6394-41b2-8632-574bc3314d30,66,100,left,main
3,a533e4ce-6394-41b2-8632-574bc3314d30,67,100,up,main
3,a533e4ce-6394-41b2-8632-574bc3314d30,68,100,left,main
3,a533e4ce-6394-41b2-8632-574bc3314d30,69,100,left,main
3,a533e4ce-6394-41b2-8632-574bc3314d30,70,100,down,main
3,a533e4ce-6394-41b2-8632-574bc3314d30,71,100,right,main
3,a533e4ce-6394-41b2-8632-574bc3314d30,72,100,down,main
3,a533e4ce-6394-41b2-8632-574bc3314d30,73,100,down,main
3,a533e4ce-6394-41b2-8632-574bc3314d30,74,100,right,main
3,a533e4ce-6394-41b2-8632-574bc3314d30,75,100,right,main
3,a533e4ce-6394-41b2-8632-574bc3314d30,76,100,down,main
3,a533e4ce-6394-41b2-8632-574bc3314d30,77,100,down,main
3,a533e4ce-6394-41b2-8632-574bc3314d30,78,100,down,main
3,a533e4ce-6394-41b2-8632-574bc3314d30,79,100,left,main
3,a533e4ce-6394-41b2-8632-574bc3314d30,80,100,left,main
3,a533e4ce-6394-41b2-8632-574bc3314d30,81,100,left,main
3,a533e4ce-6394-41b2-8632-574bc3314d30,82,100,up,main
3,a533e4ce-6394-41b2-8632-574bc3314d30,83,100,up,main
3,a533e4ce-6394-41b2-8632-574bc3314d30,84,100,up,main
3,a533e4ce-6394-41b2-8632-574bc3314d30,85,100,right,main
3,a533e4ce-6394-41b2-8632-574bc3314d30,86,100,right,main
3,a533e4ce-6394-41b2-8632-574bc3314d30,87,100,right,main
3,a533e4ce-6394-41b2-8632-574bc3314d30,88,100,up,main
3,a533e4ce-6394-41b2-8632-574bc3314d30,89,100,right,main
3,a533e4ce-6394-41b2-8632-574bc3314d30,90,100,right,main
3,a533e4ce-6394-41b2-8632-574bc3314d30,91,100,right,main
3,a533e4ce-6394-41b2-8632-574bc3314d30,92,100,right,main
3,a533e4ce-6394-41b2-8632-574bc3314d30,93,100,down,main
3,a533e4ce-6394-41b2-8632-574bc3314d30,94,100,left,main
3,a533e4ce-6394-41b2-8632-574bc3314d30,95,100,left,main
3,a533e4ce-6394-41b2-8632-574bc3314d30,96,100,down,main
3,a533e4ce-6394-41b2-8632-574bc3314d30,97,100,right,main
3,a533e4ce-6394-41b2-8632-574bc3314d30,98,100,down,main
3,a533e4ce-6394-41b2-8632-574bc3314d30,99,100,left,main
3,a533e4ce-6394-41b2-8632-574bc3314d30,100,100,down,main
3,a533e4ce-6394-41b2-8632-574bc3314d30,101,100,right,main
3,a533e4ce-6394-41b2-8632-574bc3314d30,102,100,down,main
3,a533e4ce-6394-41b2-8632-574bc3314d30,103,100,right,main
3,a533e4ce-6394-41b2-8632-574bc3314d30,104,100,right,main
3,a533e4ce-6394-41b2-8632-574bc3314d30,105,100,up,main
3,a533e4ce-6394-41b2-8632-574bc3314d30,106,100,up,main
3,a533e4ce-6394-41b2-8632-574bc3314d30,107,100,left,main
3,a533e4ce-6394-41b2-8632-574bc3314d30,108,100,up,main
3,a533e4ce-6394-41b2-8632-574bc3314d30,109,100,right,main
3,a533e4ce-6394-41b2-8632-574bc3314d30,110,100,up,main
3,a533e4ce-6394-41b2-8632-574bc3314d30,111,100,right,main
3,a533e4ce-6394-41b2-8632-574bc3314d30,112,100,right,main
3,a533e4ce-6394-41b2-8632-574bc3314d30,113,100,down,main
3,a533e4ce-6394-41b2-8632-574bc3314d30,114,100,down,main
3,a533e4ce-6394-41b2-8632-574bc3314d30,115,100,left,main
3,a533e4ce-6394-41b2-8632-574bc3314d30,116,100,up,main
3,a533e4ce-6394-41b2-8632-574bc3314d30,117,100,down,main
3,3027912f-dab7-4769-9da5-5f6b2cde6d19,0,101,down,main
3,3027912f-dab7-4769-9da5-5f6b2cde6d19,1,101,right,main
3,3027912f-dab7-4769-9da5-5f6b2cde6d19,2,101,right,main
3,3027912f-dab7-4769-9da5-5f6b2cde6d19,3,101,up,main
3,3027912f-dab7-4769-9da5-5f6b2cde6d19,4,101,right,main
3,3027912f-dab7-4769-9da5-5f6b2cde6d19,5,101,right,main
3,3027912f-dab7-4769-9da5-5f6b2cde6d19,6,101,up,main
3,3027912f-dab7-4769-9da5-5f6b2cde6d19,7,101,right,main
3,3027912f-dab7-4769-9da5-5f6b2cde6d19,8,101,up,main
3,3027912f-dab7-4769-9da5-5f6b2cde6d19,9,101,left,main
3,3027912f-dab7-4769-9da5-5f6b2cde6d19,10,101,left,main
3,3027912f-dab7-4769-9da5-5f6b2cde6d19,11,101,left,main
3,3027912f-dab7-4769-9da5-5f6b2cde6d19,12,101,up,main
3,3027912f-dab7-4769-9da5-5f6b2cde6d19,13,101,left,main
3,3027912f-dab7-4769-9da5-5f6b2cde6d19,14,101,down,main
3,3027912f-dab7-4769-9da5-5f6b2cde6d19,15,101,down,main
3,3027912f-dab7-4769-9da5-5f6b2cde6d19,16,101,left,main
3,3027912f-dab7-4769-9da5-5f6b2cde6d19,17,101,up,main
3,3027912f-dab7-4769-9da5-5f6b2cde6d19,18,101,up,main
3,3027912f-dab7-4769-9da5-5f6b2cde6d19,19,101,up,main
3,3027912f-dab7-4769-9da5-5f6b2cde6d19,20,101,left,main
3,3027912f-dab7-4769-9da5-5f6b2cde6d19,21,101,left,main
3,3027912f-dab7-4769-9da5-5f6b2cde6d19,22,101,down,main
3,3027912f-dab7-4769-9da5-5f6b2cde6d19,23,101,down,main
3,3027912f-dab7-4769-9da5-5f6b2cde6d19,24,101,left,main
3,3027912f-dab7-4769-9da5-5f6b2cde6d19,25,101,down,main
3,3027912f-dab7-4769-9da5-5f6b2cde6d19,26,101,down,main
3,3027912f-dab7-4769-9da5-5f6b2cde6d19,27,101,right,main
3,3027912f-dab7-4769-9da5-5f6b2cde6d19,28,101,down,main
3,3027912f-dab7-4769-9da5-5f6b2cde6d19,29,101,right,main
3,3027912f-dab7-4769-9da5-5f6b2cde6d19,30,101,up,main
3,3027912f-dab7-4769-9da5-5f6b2cde6d19,31,101,up,main
3,3027912f-dab7-4769-9da5-5f6b2cde6d19,32,101,left,main
3,3027912f-dab7-4769-9da5-5f6b2cde6d19,33,101,up,main
3,3027912f-dab7-4769-9da5-5f6b2cde6d19,34,101,left,main
3,3027912f-dab7-4769-9da5-5f6b2cde6d19,35,101,up,main
3,3027912f-dab7-4769-9da5-5f6b2cde6d19,36,101,up,main
3,3027912f-dab7-4769-9da5-5f6b2cde6d19,37,101,right,main
3,3027912f-dab7-4769-9da5-5f6b2cde6d19,38,101,right,main
3,3027912f-dab7-4769-9da5-5f6b2cde6d19,39,101,right,main
3,3027912f-dab7-4769-9da5-5f6b2cde6d19,40,101,down,main
3,3027912f-dab7-4769-9da5-5f6b2cde6d19,41,101,right,main
3,3027912f-dab7-4769-9da5-5f6b2cde6d19,42,101,down,main
3,3027912f-dab7-4769-9da5-5f6b2cde6d19,43,101,left,main
3,3027912f-dab7-4769-9da5-5f6b2cde6d19,44,101,left,main
3,3027912f-dab7-4769-9da5-5f6b2cde6d19,45,101,up,main
3,3027912f-dab7-4769-9da5-5f6b2cde6d19,46,101,left,main
3,3027912f-dab7-4769-9da5-5f6b2cde6d19,47,101,up,main
3,3027912f-dab7-4769-9da5-5f6b2cde6d19,48,101,left,main
3,3027912f-dab7-4769-9da5-5f6b2cde6d19,49,101,left,main
3,3027912f-dab7-4769-9da5-5f6b2cde6d19,50,101,left,main
3,3027912f-dab7-4769-9da5-5f6b2cde6d19,51,101,down,main
3,3027912f-dab7-4769-9da5-5f6b2cde6d19,52,101,down,main
3,3027912f-dab7-4769-9da5-5f6b2cde6d19,53,101,right,main
3,3027912f-dab7-4769-9da5-5f6b2cde6d19,54,101,up,main
3,3027912f-dab7-4769-9da5-5f6b2cde6d19,55,101,right,main
3,3027912f-dab7-4769-9da5-5f6b2cde6d19,56,101,right,main
3,3027912f-dab7-4769-9da5-5f6b2cde6d19,57,101,up,main
3,3027912f-dab7-4769-9da5-5f6b2cde6d19,58,101,left,main
3,3027912f-dab7-4769-9da5-5f6b2cde6d19,59,101,left,main
3,3027912f-dab7-4769-9da5-5f6b2cde6d19,60,101,up,main
3,3027912f-dab7-4769-9da5-5f6b2cde6d19,61,101,left,main
3,3027912f-dab7-4769-9da5-5f6b2cde6d19,62,101,up,main
3,3027912f-dab7-4769-9da5-5f6b2cde6d19,63,101,up,main
3,3027912f-dab7-4769-9da5-5f6b2cde6d19,64,101,right,main
3,3027912f-dab7-4769-9da5-5f6b2cde6d19,65,101,up,main
3,3027912f-dab7-4769-9da5-5f6b2cde6d19,66,101,left,main
3,3027912f-dab7-4769-9da5-5f6b2cde6d19,67,101,up,main
3,3027912f-dab7-4769-9da5-5f6b2cde6d19,68,101,right,main
3,3027912f-dab7-4769-9da5-5f6b2cde6d19,69,101,right,main
3,3027912f-dab7-4769-9da5-5f6b2cde6d19,70,101,right,main
3,3027912f-dab7-4769-9da5-5f6b2cde6d19,71,101,right,main
3,3027912f-dab7-4769-9da5-5f6b2cde6d19,72,101,down,main
3,3027912f-dab7-4769-9da5-5f6b2cde6d19,73,101,left,main
3,3027912f-dab7-4769-9da5-5f6b2cde6d19,74,101,left,main
3,3027912f-dab7-4769-9da5-5f6b2cde6d19,75,101,down,main
3,3027912f-dab7-4769-9da5-5f6b2cde6d19,76,101,right,main
3,3027912f-dab7-4769-9da5-5f6b2cde6d19,77,101,down,main
3,3027912f-dab7-4769-9da5-5f6b2cde6d19,78,101,down,main
3,3027912f-dab7-4769-9da5-5f6b2cde6d19,79,101,down,main
3,3027912f-dab7-4769-9da5-5f6b2cde6d19,80,101,down,main
3,3027912f-dab7-4769-9da5-5f6b2cde6d19,81,101,right,main
3,3027912f-dab7-4769-9da5-5f6b2cde6d19,82,101,down,main
3,3027912f-dab7-4769-9da5-5f6b2cde6d19,83,101,right,main
3,3027912f-dab7-4769-9da5-5f6b2cde6d19,84,101,right,main
3,3027912f-dab7-4769-9da5-5f6b2cde6d19,85,101,down,main
3,3027912f-dab7-4769-9da5-5f6b2cde6d19,86,101,down,main
3,3027912f-dab7-4769-9da5-5f6b2cde6d19,87,101,right,main
3,3027912f-dab7-4769-9da5-5f6b2cde6d19,88,101,right,main
3,3027912f-dab7-4769-9da5-5f6b2cde6d19,89,101,right,main
3,3027912f-dab7-4769-9da5-5f6b2cde6d19,90,101,right,main
3,3027912f-dab7-4769-9da5-5f6b2cde6d19,91,101,down,main
3,3027912f-dab7-4769-9da5-5f6b2cde6d19,92,101,left,main
3,3027912f-dab7-4769-9da5-5f6b2cde6d19,93,101,left,main
3,3027912f-dab7-4769-9da5-5f6b2cde6d19,94,101,left,main
3,3027912f-dab7-4769-9da5-5f6b2cde6d19,95,101,left,main
3,3027912f-dab7-4769-9da5-5f6b2cde6d19,96,101,left,main
3,3027912f-dab7-4769-9da5-5f6b2cde6d19,97,101,up,main
3,3027912f-dab7-4769-9da5-5f6b2cde6d19,98,101,up,main
3,3027912f-dab7-4769-9da5-5f6b2cde6d19,99,101,left,main
3,3027912f-dab7-4769-9da5-5f6b2cde6d19,100,101,down,main
3,3027912f-dab7-4769-9da5-5f6b2cde6d19,101,101,left,main
3,3027912f-dab7-4769-9da5-5f6b2cde6d19,102,101,up,main
3,3027912f-dab7-4769-9da5-5f6b2cde6d19,103,101,up,main
3,3027912f-dab7-4769-9da5-5f6b2cde6d19,104,101,right,main
3,3027912f-dab7-4769-9da5-5f6b2cde6d19,105,101,right,main
3,3027912f-dab7-4769-9da5-5f6b2cde6d19,106,101,right,main
3,3027912f-dab7-4769-9da5-5f6b2cde6d19,107,101,up,main
3,3027912f-dab7-4769-9da5-5f6b2cde6d19,108,101,up,main
3,3027912f-dab7-4769-9da5-5f6b2cde6d19,109,101,left,main
3,3027912f-dab7-4769-9da5-5f6b2cde6d19,110,101,left,main
3,3027912f-dab7-4769-9da5-5f6b2cde6d19,111,101,down,main
3,3027912f-dab7-4769-9da5-5f6b2cde6d19,112,101,left,main
3,3027912f-dab7-4769-9da5-5f6b2cde6d19,113,101,left,main
3,3027912f-dab7-4769-9da5-5f6b2cde6d19,114,101,up,main
3,3027912f-dab7-4769-9da5-5f6b2cde6d19,115,101,left,main
3,3027912f-dab7-4769-9da5-5f6b2cde6d19,116,101,down,main
3,3027912f-dab7-4769-9da5-5f6b2cde6d19,117,101,down,main
3,3027912f-dab7-4769-9da5-5f6b2cde6d19,118,101,left,main
3,3027912f-dab7-4769-9da5-5f6b2cde6d19,119,101,up,main
3,3027912f-dab7-4769-9da5-5f6b2cde6d19,120,101,up,main
3,3027912f-dab7-4769-9da5-5f6b2cde6d19,121,101,up,main
3,3027912f-dab7-4769-9da5-5f6b2cde6d19,122,101,up,main
3,3027912f-dab7-4769-9da5-5f6b2cde6d19,123,101,right,main
3,3027912f-dab7-4769-9da5-5f6b2cde6d19,124,101,right,main
3,3027912f-dab7-4769-9da5-5f6b2cde6d19,125,101,up,main
3,3027912f-dab7-4769-9da5-5f6b2cde6d19,126,101,up,main
3,3027912f-dab7-4769-9da5-5f6b2cde6d19,127,101,up,main
3,3027912f-dab7-4769-9da5-5f6b2cde6d19,128,101,right,main
3,3027912f-dab7-4769-9da5-5f6b2cde6d19,129,101,right,main
3,3027912f-dab7-4769-9da5-5f6b2cde6d19,130,101,down,main
3,3027912f-dab7-4769-9da5-5f6b2cde6d19,131,101,left,main
3,3027912f-dab7-4769-9da5-5f6b2cde6d19,132,101,down,main
3,3027912f-dab7-4769-9da5-5f6b2cde6d19,133,101,right,main
3,3027912f-dab7-4769-9da5-5f6b2cde6d19,134,101,right,main
3,3027912f-dab7-4769-9da5-5f6b2cde6d19,135,101,right,main
3,3027912f-dab7-4769-9da5-5f6b2cde6d19,136,101,up,main
3,3027912f-dab7-4769-9da5-5f6b2cde6d19,137,101,right,main
3,3027912f-dab7-4769-9da5-5f6b2cde6d19,138,101,right,main
3,3027912f-dab7-4769-9da5-5f6b2cde6d19,139,101,right,main
3,3027912f-dab7-4769-9da5-5f6b2cde6d19,140,101,down,main
3,3027912f-dab7-4769-9da5-5f6b2cde6d19,141,101,left,main
3,3027912f-dab7-4769-9da5-5f6b2cde6d19,142,101,down,main
3,3027912f-dab7-4769-9da5-5f6b2cde6d19,143,101,down,main
3,3027912f-dab7-4769-9da5-5f6b2cde6d19,144,101,left,main
3,3027912f-dab7-4769-9da5-5f6b2cde6d19,145,101,down,main
3,3027912f-dab7-4769-9da5-5f6b2cde6d19,146,101,right,main
3,3027912f-dab7-4769-9da5-5f6b2cde6d19,147,101,right,main
3,3027912f-dab7-4769-9da5-5f6b2cde6d19,148,101,down,main
3,3027912f-dab7-4769-9da5-5f6b2cde6d19,149,101,left,main
3,3027912f-dab7-4769-9da5-5f6b2cde6d19,150,101,down,main
3,3027912f-dab7-4769-9da5-5f6b2cde6d19,151,101,right,main
3,3027912f-dab7-4769-9da5-5f6b2cde6d19,152,101,down,main
3,3027912f-dab7-4769-9da5-5f6b2cde6d19,153,101,right,main
3,3027912f-dab7-4769-9da5-5f6b2cde6d19,154,101,up,main
3,3027912f-dab7-4769-9da5-5f6b2cde6d19,155,101,up,main
3,3027912f-dab7-4769-9da5-5f6b2cde6d19,156,101,up,main
3,3027912f-dab7-4769-9da5-5f6b2cde6d19,157,101,up,main
3,3027912f-dab7-4769-9da5-5f6b2cde6d19,158,101,up,main
3,3027912f-dab7-4769-9da5-5f6b2cde6d19,159,101,left,main
3,3027912f-dab7-4769-9da5-5f6b2cde6d19,160,101,down,main
3,3027912f-dab7-4769-9da5-5f6b2cde6d19,161,101,down,main
3,6f809f00-2d0a-45d4-8a74-670e6d2cb02d,0,102,down,main
3,6f809f00-2d0a-45d4-8a74-670e6d2cb02d,1,102,right,main
3,6f809f00-2d0a-45d4-8a74-670e6d2cb02d,2,102,right,main
3,6f809f00-2d0a-45d4-8a74-670e6d2cb02d,3,102,down,main
3,6f809f00-2d0a-45d4-8a74-670e6d2cb02d,4,102,down,main
3,6f809f00-2d0a-45d4-8a74-670e6d2cb02d,5,102,right,main
3,6f809f00-2d0a-45d4-8a74-670e6d2cb02d,6,102,right,main
3,6f809f00-2d0a-45d4-8a74-670e6d2cb02d,7,102,right,main
3,6f809f00-2d0a-45d4-8a74-670e6d2cb02d,8,102,right,main
3,6f809f00-2d0a-45d4-8a74-670e6d2cb02d,9,102,up,main
3,6f809f00-2d0a-45d4-8a74-670e6d2cb02d,10,102,left,main
3,6f809f00-2d0a-45d4-8a74-670e6d2cb02d,11,102,down,main
3,6f809f00-2d0a-45d4-8a74-670e6d2cb02d,12,102,right,main
3,6f809f00-2d0a-45d4-8a74-670e6d2cb02d,13,102,down,main
3,6f809f00-2d0a-45d4-8a74-670e6d2cb02d,14,102,right,main
3,6f809f00-2d0a-45d4-8a74-670e6d2cb02d,15,102,right,main
3,6f809f00-2d0a-45d4-8a74-670e6d2cb02d,16,102,up,main
3,6f809f00-2d0a-45d4-8a74-670e6d2cb02d,17,102,right,main
3,6f809f00-2d0a-45d4-8a74-670e6d2cb02d,18,102,up,main
3,6f809f00-2d0a-45d4-8a74-670e6d2cb02d,19,102,left,main
3,6f809f00-2d0a-45d4-8a74-670e6d2cb02d,20,102,down,main
3,6f809f00-2d0a-45d4-8a74-670e6d2cb02d,21,102,down,main
3,6f809f00-2d0a-45d4-8a74-670e6d2cb02d,22,102,right,main
3,6f809f00-2d0a-45d4-8a74-670e6d2cb02d,23,102,up,main
3,6f809f00-2d0a-45d4-8a74-670e6d2cb02d,24,102,up,main
3,6f809f00-2d0a-45d4-8a74-670e6d2cb02d,25,102,up,main
3,6f809f00-2d0a-45d4-8a74-670e6d2cb02d,26,102,up,main
3,6f809f00-2d0a-45d4-8a74-670e6d2cb02d,27,102,left,main
3,6f809f00-2d0a-45d4-8a74-670e6d2cb02d,28,102,left,main
3,6f809f00-2d0a-45d4-8a74-670e6d2cb02d,29,102,up,main
3,6f809f00-2d0a-45d4-8a74-670e6d2cb02d,30,102,left,main
3,6f809f00-2d0a-45d4-8a74-670e6d2cb02d,31,102,left,main
3,6f809f00-2d0a-45d4-8a74-670e6d2cb02d,32,102,left,main
3,6f809f00-2d0a-45d4-8a74-670e6d2cb02d,33,102,left,main
3,6f809f00-2d0a-45d4-8a74-670e6d2cb02d,34,102,down,main
3,6f809f00-2d0a-45d4-8a74-670e6d2cb02d,35,102,down,main
3,6f809f00-2d0a-45d4-8a74-670e6d2cb02d,36,102,right,main
3,6f809f00-2d0a-45d4-8a74-670e6d2cb02d,37,102,up,main
3,6f809f00-2d0a-45d4-8a74-670e6d2cb02d,38,102,left,main
3,6f809f00-2d0a-45d4-8a74-670e6d2cb02d,39,102,down,main
3,6f809f00-2d0a-45d4-8a74-670e6d2cb02d,40,102,right,main
3,6f809f00-2d0a-45d4-8a74-670e6d2cb02d,41,102,up,main
3,6f809f00-2d0a-45d4-8a74-670e6d2cb02d,42,102,right,main
3,6f809f00-2d0a-45d4-8a74-670e6d2cb02d,43,102,down,main
3,6f809f00-2d0a-45d4-8a74-670e6d2cb02d,44,102,right,main
3,6f809f00-2d0a-45d4-8a74-670e6d2cb02d,45,102,right,main
3,6f809f00-2d0a-45d4-8a74-670e6d2cb02d,46,102,down,main
3,6f809f00-2d0a-45d4-8a74-670e6d2cb02d,47,102,left,main
3,6f809f00-2d0a-45d4-8a74-670e6d2cb02d,48,102,down,main
3,6f809f00-2d0a-45d4-8a74-670e6d2cb02d,49,102,down,main
3,6f809f00-2d0a-45d4-8a74-670e6d2cb02d,50,102,left,main
3,6f809f00-2d0a-45d4-8a74-670e6d2cb02d,51,102,up,main
3,6f809f00-2d0a-45d4-8a74-670e6d2cb02d,52,102,up,main
3,6f809f00-2d0a-45d4-8a74-670e6d2cb02d,53,102,right,main
3,6f809f00-2d0a-45d4-8a74-670e6d2cb02d,54,102,up,main
3,6f809f00-2d0a-45d4-8a74-670e6d2cb02d,55,102,right,main
3,6f809f00-2d0a-45d4-8a74-670e6d2cb02d,56,102,down,main
3,6f809f00-2d0a-45d4-8a74-670e6d2cb02d,57,102,right,main
3,6f809f00-2d0a-45d4-8a74-670e6d2cb02d,58,102,up,main
3,6f809f00-2d0a-45d4-8a74-670e6d2cb02d,59,102,right,main
3,6f809f00-2d0a-45d4-8a74-670e6d2cb02d,60,102,down,main
3,6f809f00-2d0a-45d4-8a74-670e6d2cb02d,61,102,down,main
3,6f809f00-2d0a-45d4-8a74-670e6d2cb02d,62,102,left,main
3,6f809f00-2d0a-45d4-8a74-670e6d2cb02d,63,102,left,main
3,6f809f00-2d0a-45d4-8a74-670e6d2cb02d,64,102,left,main
3,6f809f00-2d0a-45d4-8a74-670e6d2cb02d,65,102,left,main
3,6f809f00-2d0a-45d4-8a74-670e6d2cb02d,66,102,left,main
3,6f809f00-2d0a-45d4-8a74-670e6d2cb02d,67,102,up,main
3,6f809f00-2d0a-45d4-8a74-670e6d2cb02d,68,102,left,main
3,6f809f00-2d0a-45d4-8a74-670e6d2cb02d,69,102,up,main
3,6f809f00-2d0a-45d4-8a74-670e6d2cb02d,70,102,right,main
3,6f809f00-2d0a-45d4-8a74-670e6d2cb02d,71,102,up,main
3,6f809f00-2d0a-45d4-8a74-670e6d2cb02d,72,102,right,main
3,6f809f00-2d0a-45d4-8a74-670e6d2cb02d,73,102,right,main
3,6f809f00-2d0a-45d4-8a74-670e6d2cb02d,74,102,right,main
3,6f809f00-2d0a-45d4-8a74-670e6d2cb02d,75,102,right,main
3,6f809f00-2d0a-45d4-8a74-670e6d2cb02d,76,102,up,main
3,6f809f00-2d0a-45d4-8a74-670e6d2cb02d,77,102,right,main
3,6f809f00-2d0a-45d4-8a74-670e6d2cb02d,78,102,down,main
3,6f809f00-2d0a-45d4-8a74-670e6d2cb02d,79,102,down,main
3,6f809f00-2d0a-45d4-8a74-670e6d2cb02d,80,102,down,main
3,6f809f00-2d0a-45d4-8a74-670e6d2cb02d,81,102,left,main
3,6f809f00-2d0a-45d4-8a74-670e6d2cb02d,82,102,up,main
3,6f809f00-2d0a-45d4-8a74-670e6d2cb02d,83,102,left,main
3,6f809f00-2d0a-45d4-8a74-670e6d2cb02d,84,102,up,main
3,6f809f00-2d0a-45d4-8a74-670e6d2cb02d,85,102,right,main
3,6f809f00-2d0a-45d4-8a74-670e6d2cb02d,86,102,up,main
3,6f809f00-2d0a-45d4-8a74-670e6d2cb02d,87,102,right,main
3,6f809f00-2d0a-45d4-8a74-670e6d2cb02d,88,102,down,main
3,6f809f00-2d0a-45d4-8a74-670e6d2cb02d,89,102,down,main
3,6f809f00-2d0a-45d4-8a74-670e6d2cb02d,90,102,down,main
3,6f809f00-2d0a-45d4-8a74-670e6d2cb02d,91,102,left,main
3,6f809f00-2d0a-45d4-8a74-670e6d2cb02d,92,102,down,main
3,6f809f00-2d0a-45d4-8a74-670e6d2cb02d,93,102,down,main
3,6f809f00-2d0a-45d4-8a74-670e6d2cb02d,94,102,right,main
3,6f809f00-2d0a-45d4-8a74-670e6d2cb02d,95,102,up,main
3,6f809f00-2d0a-45d4-8a74-670e6d2cb02d,96,102,down,main
3,da753ad1-c1ec-4054-92f1-47d4a8ac1e5a,0,103,right,main
3,da753ad1-c1ec-4054-92f1-47d4a8ac1e5a,1,103,up,main
3,da753ad1-c1ec-4054-92f1-47d4a8ac1e5a,2,103,up,main
3,da753ad1-c1ec-4054-92f1-47d4a8ac1e5a,3,103,up,main
3,da753ad1-c1ec-4054-92f1-47d4a8ac1e5a,4,103,left,main
3,da753ad1-c1ec-4054-92f1-47d4a8ac1e5a,5,103,down,main
3,da753ad1-c1ec-4054-92f1-47d4a8ac1e5a,6,103,left,main
3,da753ad1-c1ec-4054-92f1-47d4a8ac1e5a,7,103,left,main
3,da753ad1-c1ec-4054-92f1-47d4a8ac1e5a,8,103,up,main
3,da753ad1-c1ec-4054-92f1-47d4a8ac1e5a,9,103,left,main
3,da753ad1-c1ec-4054-92f1-47d4a8ac1e5a,10,103,up,main
3,da753ad1-c1ec-4054-92f1-47d4a8ac1e5a,11,103,up,main
3,da753ad1-c1ec-4054-92f1-47d4a8ac1e5a,12,103,up,main
3,da753ad1-c1ec-4054-92f1-47d4a8ac1e5a,13,103,right,main
3,da753ad1-c1ec-4054-92f1-47d4a8ac1e5a,14,103,up,main
3,da753ad1-c1ec-4054-92f1-47d4a8ac1e5a,15,103,up,main
3,da753ad1-c1ec-4054-92f1-47d4a8ac1e5a,16,103,up,main
3,da753ad1-c1ec-4054-92f1-47d4a8ac1e5a,17,103,left,main
3,da753ad1-c1ec-4054-92f1-47d4a8ac1e5a,18,103,down,main
3,da753ad1-c1ec-4054-92f1-47d4a8ac1e5a,19,103,left,main
3,da753ad1-c1ec-4054-92f1-47d4a8ac1e5a,20,103,up,main
3,da753ad1-c1ec-4054-92f1-47d4a8ac1e5a,21,103,left,main
3,da753ad1-c1ec-4054-92f1-47d4a8ac1e5a,22,103,left,main
3,da753ad1-c1ec-4054-92f1-47d4a8ac1e5a,23,103,down,main
3,da753ad1-c1ec-4054-92f1-47d4a8ac1e5a,24,103,right,main
3,da753ad1-c1ec-4054-92f1-47d4a8ac1e5a,25,103,down,main
3,da753ad1-c1ec-4054-92f1-47d4a8ac1e5a,26,103,down,main
3,da753ad1-c1ec-4054-92f1-47d4a8ac1e5a,27,103,left,main
3,da753ad1-c1ec-4054-92f1-47d4a8ac1e5a,28,103,up,main
3,da753ad1-c1ec-4054-92f1-47d4a8ac1e5a,29,103,left,main
3,da753ad1-c1ec-4054-92f1-47d4a8ac1e5a,30,103,left,main
3,da753ad1-c1ec-4054-92f1-47d4a8ac1e5a,31,103,left,main
3,da753ad1-c1ec-4054-92f1-47d4a8ac1e5a,32,103,down,main
3,da753ad1-c1ec-4054-92f1-47d4a8ac1e5a,33,103,right,main
3,da753ad1-c1ec-4054-92f1-47d4a8ac1e5a,34,103,right,main
3,da753ad1-c1ec-4054-92f1-47d4a8ac1e5a,35,103,down,main
3,da753ad1-c1ec-4054-92f1-47d4a8ac1e5a,36,103,right,main
3,da753ad1-c1ec-4054-92f1-47d4a8ac1e5a,37,103,down,main
3,da753ad1-c1ec-4054-92f1-47d4a8ac1e5a,38,103,right,main
3,da753ad1-c1ec-4054-92f1-47d4a8ac1e5a,39,103,up,main
3,da753ad1-c1ec-4054-92f1-47d4a8ac1e5a,40,103,right,main
3,da753ad1-c1ec-4054-92f1-47d4a8ac1e5a,41,103,up,main
3,da753ad1-c1ec-4054-92f1-47d4a8ac1e5a,42,103,left,main
3,da753ad1-c1ec-4054-92f1-47d4a8ac1e5a,43,103,up,main
3,da753ad1-c1ec-4054-92f1-47d4a8ac1e5a,44,103,up,main
3,da753ad1-c1ec-4054-92f1-47d4a8ac1e5a,45,103,left,main
3,da753ad1-c1ec-4054-92f1-47d4a8ac1e5a,46,103,left,main
3,da753ad1-c1ec-4054-92f1-47d4a8ac1e5a,47,103,down,main
3,da753ad1-c1ec-4054-92f1-47d4a8ac1e5a,48,103,down,main
3,da753ad1-c1ec-4054-92f1-47d4a8ac1e5a,49,103,left,main
3,da753ad1-c1ec-4054-92f1-47d4a8ac1e5a,50,103,down,main
3,da753ad1-c1ec-4054-92f1-47d4a8ac1e5a,51,103,down,main
3,da753ad1-c1ec-4054-92f1-47d4a8ac1e5a,52,103,right,main
3,da753ad1-c1ec-4054-92f1-47d4a8ac1e5a,53,103,right,main
3,da753ad1-c1ec-4054-92f1-47d4a8ac1e5a,54,103,up,main
3,da753ad1-c1ec-4054-92f1-47d4a8ac1e5a,55,103,left,main
3,da753ad1-c1ec-4054-92f1-47d4a8ac1e5a,56,103,down,main
3,8f138d4e-4137-4b79-9e37-aa95b7537ab8,0,104,up,main
3,8f138d4e-4137-4b79-9e37-aa95b7537ab8,1,104,left,main
3,8f138d4e-4137-4b79-9e37-aa95b7537ab8,2,104,down,main
3,8f138d4e-4137-4b79-9e37-aa95b7537ab8,3,104,left,main
3,8f138d4e-4137-4b79-9e37-aa95b7537ab8,4,104,down,main
3,8f138d4e-4137-4b79-9e37-aa95b7537ab8,5,104,down,main
3,8f138d4e-4137-4b79-9e37-aa95b7537ab8,6,104,right,main
3,8f138d4e-4137-4b79-9e37-aa95b7537ab8,7,104,up,main
3,8f138d4e-4137-4b79-9e37-aa95b7537ab8,8,104,up,main
3,8f138d4e-4137-4b79-9e37-aa95b7537ab8,9,104,up,main
3,8f138d4e-4137-4b79-9e37-aa95b7537ab8,10,104,left,main
3,8f138d4e-4137-4b79-9e37-aa95b7537ab8,11,104,down,main
3,8f138d4e-4137-4b79-9e37-aa95b7537ab8,12,104,down,main
3,8f138d4e-4137-4b79-9e37-aa95b7537ab8,13,104,down,main
3,8f138d4e-4137-4b79-9e37-aa95b7537ab8,14,104,right,main
3,8f138d4e-4137-4b79-9e37-aa95b7537ab8,15,104,down,main
3,8f138d4e-4137-4b79-9e37-aa95b7537ab8,16,104,left,main
3,8f138d4e-4137-4b79-9e37-aa95b7537ab8,17,104,down,main
3,8f138d4e-4137-4b79-9e37-aa95b7537ab8,18,104,down,main
3,8f138d4e-4137-4b79-9e37-aa95b7537ab8,19,104,right,main
3,8f138d4e-4137-4b79-9e37-aa95b7537ab8,20,104,down,main
3,8f138d4e-4137-4b79-9e37-aa95b7537ab8,21,104,left,main
3,8f138d4e-4137-4b79-9e37-aa95b7537ab8,22,104,left,main
3,8f138d4e-4137-4b79-9e37-aa95b7537ab8,23,104,left,main
3,8f138d4e-4137-4b79-9e37-aa95b7537ab8,24,104,up,main
3,8f138d4e-4137-4b79-9e37-aa95b7537ab8,25,104,right,main
3,8f138d4e-4137-4b79-9e37-aa95b7537ab8,26,104,right,main
3,8f138d4e-4137-4b79-9e37-aa95b7537ab8,27,104,down,main
3,8f138d4e-4137-4b79-9e37-aa95b7537ab8,28,104,down,main
3,8f138d4e-4137-4b79-9e37-aa95b7537ab8,29,104,left,main
3,8f138d4e-4137-4b79-9e37-aa95b7537ab8,30,104,down,main
3,8f138d4e-4137-4b79-9e37-aa95b7537ab8,31,104,right,main
3,8f138d4e-4137-4b79-9e37-aa95b7537ab8,32,104,down,main
3,8f138d4e-4137-4b79-9e37-aa95b7537ab8,33,104,right,main
3,8f138d4e-4137-4b79-9e37-aa95b7537ab8,34,104,up,main
3,8f138d4e-4137-4b79-9e37-aa95b7537ab8,35,104,up,main
3,8f138d4e-4137-4b79-9e37-aa95b7537ab8,36,104,up,main
3,8f138d4e-4137-4b79-9e37-aa95b7537ab8,37,104,up,main
3,8f138d4e-4137-4b79-9e37-aa95b7537ab8,38,104,right,main
3,8f138d4e-4137-4b79-9e37-aa95b7537ab8,39,104,up,main
3,8f138d4e-4137-4b79-9e37-aa95b7537ab8,40,104,up,main
3,8f138d4e-4137-4b79-9e37-aa95b7537ab8,41,104,left,main
3,8f138d4e-4137-4b79-9e37-aa95b7537ab8,42,104,left,main
3,8f138d4e-4137-4b79-9e37-aa95b7537ab8,43,104,down,main
3,8f138d4e-4137-4b79-9e37-aa95b7537ab8,44,104,left,main
3,8f138d4e-4137-4b79-9e37-aa95b7537ab8,45,104,up,main
3,8f138d4e-4137-4b79-9e37-aa95b7537ab8,46,104,left,main
3,8f138d4e-4137-4b79-9e37-aa95b7537ab8,47,104,left,main
3,8f138d4e-4137-4b79-9e37-aa95b7537ab8,48,104,left,main
3,8f138d4e-4137-4b79-9e37-aa95b7537ab8,49,104,up,main
3,8f138d4e-4137-4b79-9e37-aa95b7537ab8,50,104,up,main
3,8f138d4e-4137-4b79-9e37-aa95b7537ab8,51,104,up,main
3,8f138d4e-4137-4b79-9e37-aa95b7537ab8,52,104,right,main
3,8f138d4e-4137-4b79-9e37-aa95b7537ab8,53,104,right,main
3,8f138d4e-4137-4b79-9e37-aa95b7537ab8,54,104,down,main
3,8f138d4e-4137-4b79-9e37-aa95b7537ab8,55,104,right,main
3,8f138d4e-4137-4b79-9e37-aa95b7537ab8,56,104,down,main
3,8f138d4e-4137-4b79-9e37-aa95b7537ab8,57,104,right,main
3,8f138d4e-4137-4b79-9e37-aa95b7537ab8,58,104,up,main
3,8f138d4e-4137-4b79-9e37-aa95b7537ab8,59,104,up,main
3,8f138d4e-4137-4b79-9e37-aa95b7537ab8,60,104,up,main
3,8f138d4e-4137-4b79-9e37-aa95b7537ab8,61,104,left,main
3,8f138d4e-4137-4b79-9e37-aa95b7537ab8,62,104,down,main
3,8f138d4e-4137-4b79-9e37-aa95b7537ab8,63,104,left,main
3,8f138d4e-4137-4b79-9e37-aa95b7537ab8,64,104,left,main
3,8f138d4e-4137-4b79-9e37-aa95b7537ab8,65,104,down,main
3,8f138d4e-4137-4b79-9e37-aa95b7537ab8,66,104,down,main
3,8f138d4e-4137-4b79-9e37-aa95b7537ab8,67,104,down,main
3,8f138d4e-4137-4b79-9e37-aa95b7537ab8,68,104,left,main
3,8f138d4e-4137-4b79-9e37-aa95b7537ab8,69,104,up,main
3,8f138d4e-4137-4b79-9e37-aa95b7537ab8,70,104,up,main
3,8f138d4e-4137-4b79-9e37-aa95b7537ab8,71,104,left,main
3,8f138d4e-4137-4b79-9e37-aa95b7537ab8,72,104,up,main
3,8f138d4e-4137-4b79-9e37-aa95b7537ab8,73,104,up,main
3,8f138d4e-4137-4b79-9e37-aa95b7537ab8,74,104,left,main
3,8f138d4e-4137-4b79-9e37-aa95b7537ab8,75,104,down,main
3,8f138d4e-4137-4b79-9e37-aa95b7537ab8,76,104,down,main
3,8f138d4e-4137-4b79-9e37-aa95b7537ab8,77,104,down,main
3,8f138d4e-4137-4b79-9e37-aa95b7537ab8,78,104,right,main
3,8f138d4e-4137-4b79-9e37-aa95b7537ab8,79,104,down,main
3,8f138d4e-4137-4b79-9e37-aa95b7537ab8,80,104,down,main
3,8f138d4e-4137-4b79-9e37-aa95b7537ab8,81,104,down,main
3,8f138d4e-4137-4b79-9e37-aa95b7537ab8,82,104,left,main
3,8f138d4e-4137-4b79-9e37-aa95b7537ab8,83,104,left,main
3,8f138d4e-4137-4b79-9e37-aa95b7537ab8,84,104,down,main
3,8f138d4e-4137-4b79-9e37-aa95b7537ab8,85,104,right,main
3,8f138d4e-4137-4b79-9e37-aa95b7537ab8,86,104,down,main
3,8f138d4e-4137-4b79-9e37-aa95b7537ab8,87,104,right,main
3,8f138d4e-4137-4b79-9e37-aa95b7537ab8,88,104,down,main
3,8f138d4e-4137-4b79-9e37-aa95b7537ab8,89,104,left,main
3,8f138d4e-4137-4b79-9e37-aa95b7537ab8,90,104,down,main
3,8f138d4e-4137-4b79-9e37-aa95b7537ab8,91,104,left,main
3,8f138d4e-4137-4b79-9e37-aa95b7537ab8,92,104,up,main
3,8f138d4e-4137-4b79-9e37-aa95b7537ab8,93,104,up,main
3,8f138d4e-4137-4b79-9e37-aa95b7537ab8,94,104,down,main
3,3b6e4e67-541e-480d-bff7-b461cacee6d9,0,105,left,main
3,3b6e4e67-541e-480d-bff7-b461cacee6d9,1,105,up,main
3,3b6e4e67-541e-480d-bff7-b461cacee6d9,2,105,right,main
3,3b6e4e67-541e-480d-bff7-b461cacee6d9,3,105,right,main
3,3b6e4e67-541e-480d-bff7-b461cacee6d9,4,105,right,main
3,3b6e4e67-541e-480d-bff7-b461cacee6d9,5,105,right,main
3,3b6e4e67-541e-480d-bff7-b461cacee6d9,6,105,down,main
3,3b6e4e67-541e-480d-bff7-b461cacee6d9,7,105,left,main
3,3b6e4e67-541e-480d-bff7-b461cacee6d9,8,105,up,main
3,3b6e4e67-541e-480d-bff7-b461cacee6d9,9,105,left,main
3,3b6e4e67-541e-480d-bff7-b461cacee6d9,10,105,down,main
3,3b6e4e67-541e-480d-bff7-b461cacee6d9,11,105,right,main
3,3b6e4e67-541e-480d-bff7-b461cacee6d9,12,105,down,main
3,3b6e4e67-541e-480d-bff7-b461cacee6d9,13,105,left,main
3,3b6e4e67-541e-480d-bff7-b461cacee6d9,14,105,up,main
3,3b6e4e67-541e-480d-bff7-b461cacee6d9,15,105,left,main
3,3b6e4e67-541e-480d-bff7-b461cacee6d9,16,105,left,main
3,3b6e4e67-541e-480d-bff7-b461cacee6d9,17,105,down,main
3,3b6e4e67-541e-480d-bff7-b461cacee6d9,18,105,right,main
3,3b6e4e67-541e-480d-bff7-b461cacee6d9,19,105,right,main
3,3b6e4e67-541e-480d-bff7-b461cacee6d9,20,105,right,main
3,3b6e4e67-541e-480d-bff7-b461cacee6d9,21,105,up,main
3,3b6e4e67-541e-480d-bff7-b461cacee6d9,22,105,right,main
3,3b6e4e67-541e-480d-bff7-b461cacee6d9,23,105,up,main
3,3b6e4e67-541e-480d-bff7-b461cacee6d9,24,105,right,main
3,3b6e4e67-541e-480d-bff7-b461cacee6d9,25,105,right,main
3,3b6e4e67-541e-480d-bff7-b461cacee6d9,26,105,down,main
3,3b6e4e67-541e-480d-bff7-b461cacee6d9,27,105,left,main
3,3b6e4e67-541e-480d-bff7-b461cacee6d9,28,105,down,main
3,3b6e4e67-541e-480d-bff7-b461cacee6d9,29,105,left,main
3,3b6e4e67-541e-480d-bff7-b461cacee6d9,30,105,left,main
3,3b6e4e67-541e-480d-bff7-b461cacee6d9,31,105,left,main
3,3b6e4e67-541e-480d-bff7-b461cacee6d9,32,105,up,main
3,3b6e4e67-541e-480d-bff7-b461cacee6d9,33,105,right,main
3,3b6e4e67-541e-480d-bff7-b461cacee6d9,34,105,right,main
3,3b6e4e67-541e-480d-bff7-b461cacee6d9,35,105,right,main
3,3b6e4e67-541e-480d-bff7-b461cacee6d9,36,105,right,main
3,3b6e4e67-541e-480d-bff7-b461cacee6d9,37,105,right,main
3,3b6e4e67-541e-480d-bff7-b461cacee6d9,38,105,right,main
3,3b6e4e67-541e-480d-bff7-b461cacee6d9,39,105,right,main
3,3b6e4e67-541e-480d-bff7-b461cacee6d9,40,105,down,main
3,3b6e4e67-541e-480d-bff7-b461cacee6d9,41,105,right,main
3,3b6e4e67-541e-480d-bff7-b461cacee6d9,42,105,down,main
3,3b6e4e67-541e-480d-bff7-b461cacee6d9,43,105,left,main
3,3b6e4e67-541e-480d-bff7-b461cacee6d9,44,105,down,main
3,3b6e4e67-541e-480d-bff7-b461cacee6d9,45,105,right,main
3,3b6e4e67-541e-480d-bff7-b461cacee6d9,46,105,down,main
3,3b6e4e67-541e-480d-bff7-b461cacee6d9,47,105,left,main
3,3b6e4e67-541e-480d-bff7-b461cacee6d9,48,105,left,main
3,3b6e4e67-541e-480d-bff7-b461cacee6d9,49,105,left,main
3,3b6e4e67-541e-480d-bff7-b461cacee6d9,50,105,down,main
3,3b6e4e67-541e-480d-bff7-b461cacee6d9,51,105,right,main
3,3b6e4e67-541e-480d-bff7-b461cacee6d9,52,105,down,main
3,3b6e4e67-541e-480d-bff7-b461cacee6d9,53,105,down,main
3,3b6e4e67-541e-480d-bff7-b461cacee6d9,54,105,right,main
3,3b6e4e67-541e-480d-bff7-b461cacee6d9,55,105,down,main
3,3b6e4e67-541e-480d-bff7-b461cacee6d9,56,105,left,main
3,3b6e4e67-541e-480d-bff7-b461cacee6d9,57,105,left,main
3,3b6e4e67-541e-480d-bff7-b461cacee6d9,58,105,left,main
3,3b6e4e67-541e-480d-bff7-b461cacee6d9,59,105,up,main
3,3b6e4e67-541e-480d-bff7-b461cacee6d9,60,105,right,main
3,3b6e4e67-541e-480d-bff7-b461cacee6d9,61,105,up,main
3,3b6e4e67-541e-480d-bff7-b461cacee6d9,62,105,up,main
3,3b6e4e67-541e-480d-bff7-b461cacee6d9,63,105,up,main
3,3b6e4e67-541e-480d-bff7-b461cacee6d9,64,105,right,main
3,3b6e4e67-541e-480d-bff7-b461cacee6d9,65,105,up,main
3,3b6e4e67-541e-480d-bff7-b461cacee6d9,66,105,left,main
3,3b6e4e67-541e-480d-bff7-b461cacee6d9,67,105,left,main
3,3b6e4e67-541e-480d-bff7-b461cacee6d9,68,105,down,main
3,3b6e4e67-541e-480d-bff7-b461cacee6d9,69,105,down,main
3,3b6e4e67-541e-480d-bff7-b461cacee6d9,70,105,down,main
3,3b6e4e67-541e-480d-bff7-b461cacee6d9,71,105,down,main
3,3b6e4e67-541e-480d-bff7-b461cacee6d9,72,105,right,main
3,3b6e4e67-541e-480d-bff7-b461cacee6d9,73,105,right,main
3,3b6e4e67-541e-480d-bff7-b461cacee6d9,74,105,up,main
3,3b6e4e67-541e-480d-bff7-b461cacee6d9,75,105,left,main
3,3b6e4e67-541e-480d-bff7-b461cacee6d9,76,105,up,main
3,3b6e4e67-541e-480d-bff7-b461cacee6d9,77,105,right,main
3,3b6e4e67-541e-480d-bff7-b461cacee6d9,78,105,up,main
3,3b6e4e67-541e-480d-bff7-b461cacee6d9,79,105,right,main
3,3b6e4e67-541e-480d-bff7-b461cacee6d9,80,105,down,main
3,3b6e4e67-541e-480d-bff7-b461cacee6d9,81,105,right,main
3,3b6e4e67-541e-480d-bff7-b461cacee6d9,82,105,down,main
3,3b6e4e67-541e-480d-bff7-b461cacee6d9,83,105,down,main
3,3b6e4e67-541e-480d-bff7-b461cacee6d9,84,105,down,main
3,3b6e4e67-541e-480d-bff7-b461cacee6d9,85,105,down,main
3,3b6e4e67-541e-480d-bff7-b461cacee6d9,86,105,left,main
3,3b6e4e67-541e-480d-bff7-b461cacee6d9,87,105,up,main
3,3b6e4e67-541e-480d-bff7-b461cacee6d9,88,105,left,main
3,3b6e4e67-541e-480d-bff7-b461cacee6d9,89,105,left,main
3,3b6e4e67-541e-480d-bff7-b461cacee6d9,90,105,down,main
3,3b6e4e67-541e-480d-bff7-b461cacee6d9,91,105,left,main
3,3b6e4e67-541e-480d-bff7-b461cacee6d9,92,105,up,main
3,3b6e4e67-541e-480d-bff7-b461cacee6d9,93,105,up,main
3,3b6e4e67-541e-480d-bff7-b461cacee6d9,94,105,left,main
3,3b6e4e67-541e-480d-bff7-b461cacee6d9,95,105,up,main
3,3b6e4e67-541e-480d-bff7-b461cacee6d9,96,105,up,main
3,3b6e4e67-541e-480d-bff7-b461cacee6d9,97,105,up,main
3,3b6e4e67-541e-480d-bff7-b461cacee6d9,98,105,left,main
3,3b6e4e67-541e-480d-bff7-b461cacee6d9,99,105,up,main
3,3b6e4e67-541e-480d-bff7-b461cacee6d9,100,105,right,main
3,3b6e4e67-541e-480d-bff7-b461cacee6d9,101,105,up,main
3,3b6e4e67-541e-480d-bff7-b461cacee6d9,102,105,right,main
3,3b6e4e67-541e-480d-bff7-b461cacee6d9,103,105,down,main
3,3b6e4e67-541e-480d-bff7-b461cacee6d9,104,105,right,main
3,3b6e4e67-541e-480d-bff7-b461cacee6d9,105,105,up,main
3,3b6e4e67-541e-480d-bff7-b461cacee6d9,106,105,right,main
3,3b6e4e67-541e-480d-bff7-b461cacee6d9,107,105,right,main
3,3b6e4e67-541e-480d-bff7-b461cacee6d9,108,105,right,main
3,3b6e4e67-541e-480d-bff7-b461cacee6d9,109,105,down,main
3,3b6e4e67-541e-480d-bff7-b461cacee6d9,110,105,down,main
3,3b6e4e67-541e-480d-bff7-b461cacee6d9,111,105,down,main
3,3b6e4e67-541e-480d-bff7-b461cacee6d9,112,105,down,main
3,3b6e4e67-541e-480d-bff7-b461cacee6d9,113,105,down,main
3,3b6e4e67-541e-480d-bff7-b461cacee6d9,114,105,down,main
3,3b6e4e67-541e-480d-bff7-b461cacee6d9,115,105,left,main
3,3b6e4e67-541e-480d-bff7-b461cacee6d9,116,105,down,main
3,3b6e4e67-541e-480d-bff7-b461cacee6d9,117,105,left,main
3,3b6e4e67-541e-480d-bff7-b461cacee6d9,118,105,left,main
3,3b6e4e67-541e-480d-bff7-b461cacee6d9,119,105,left,main
3,3b6e4e67-541e-480d-bff7-b461cacee6d9,120,105,left,main
3,3b6e4e67-541e-480d-bff7-b461cacee6d9,121,105,up,main
3,3b6e4e67-541e-480d-bff7-b461cacee6d9,122,105,up,main
3,3b6e4e67-541e-480d-bff7-b461cacee6d9,123,105,left,main
3,3b6e4e67-541e-480d-bff7-b461cacee6d9,124,105,left,main
3,3b6e4e67-541e-480d-bff7-b461cacee6d9,125,105,down,main
3,3b6e4e67-541e-480d-bff7-b461cacee6d9,126,105,left,main
3,3b6e4e67-541e-480d-bff7-b461cacee6d9,127,105,left,main
3,3b6e4e67-541e-480d-bff7-b461cacee6d9,128,105,up,main
3,3b6e4e67-541e-480d-bff7-b461cacee6d9,129,105,up,main
3,3b6e4e67-541e-480d-bff7-b461cacee6d9,130,105,up,main
3,3b6e4e67-541e-480d-bff7-b461cacee6d9,131,105,left,main
3,3b6e4e67-541e-480d-bff7-b461cacee6d9,132,105,up,main
3,3b6e4e67-541e-480d-bff7-b461cacee6d9,133,105,right,main
3,3b6e4e67-541e-480d-bff7-b461cacee6d9,134,105,up,main
3,3b6e4e67-541e-480d-bff7-b461cacee6d9,135,105,right,main
3,3b6e4e67-541e-480d-bff7-b461cacee6d9,136,105,up,main
3,3b6e4e67-541e-480d-bff7-b461cacee6d9,137,105,up,main
3,3b6e4e67-541e-480d-bff7-b461cacee6d9,138,105,right,main
3,3b6e4e67-541e-480d-bff7-b461cacee6d9,139,105,up,main
3,3b6e4e67-541e-480d-bff7-b461cacee6d9,140,105,right,main
3,3b6e4e67-541e-480d-bff7-b461cacee6d9,141,105,up,main
3,3b6e4e67-541e-480d-bff7-b461cacee6d9,142,105,right,main
3,3b6e4e67-541e-480d-bff7-b461cacee6d9,143,105,down,main
3,3b6e4e67-541e-480d-bff7-b461cacee6d9,144,105,right,main
3,3b6e4e67-541e-480d-bff7-b461cacee6d9,145,105,right,main
3,3b6e4e67-541e-480d-bff7-b461cacee6d9,146,105,down,main
3,3b6e4e67-541e-480d-bff7-b461cacee6d9,147,105,left,main
3,3b6e4e67-541e-480d-bff7-b461cacee6d9,148,105,left,main
3,3b6e4e67-541e-480d-bff7-b461cacee6d9,149,105,left,main
3,3b6e4e67-541e-480d-bff7-b461cacee6d9,150,105,down,main
3,3b6e4e67-541e-480d-bff7-b461cacee6d9,151,105,left,main
3,3b6e4e67-541e-480d-bff7-b461cacee6d9,152,105,down,main
3,3b6e4e67-541e-480d-bff7-b461cacee6d9,153,105,down,main
3,3b6e4e67-541e-480d-bff7-b461cacee6d9,154,105,right,main
3,3b6e4e67-541e-480d-bff7-b461cacee6d9,155,105,up,main
3,3b6e4e67-541e-480d-bff7-b461cacee6d9,156,105,right,main
3,3b6e4e67-541e-480d-bff7-b461cacee6d9,157,105,down,main
3,3b6e4e67-541e-480d-bff7-b461cacee6d9,158,105,down,main
3,3b6e4e67-541e-480d-bff7-b461cacee6d9,159,105,down,main
3,3b6e4e67-541e-480d-bff7-b461cacee6d9,160,105,right,main
3,3b6e4e67-541e-480d-bff7-b461cacee6d9,161,105,up,main
3,3b6e4e67-541e-480d-bff7-b461cacee6d9,162,105,up,main
3,3b6e4e67-541e-480d-bff7-b461cacee6d9,163,105,up,main
3,3b6e4e67-541e-480d-bff7-b461cacee6d9,164,105,right,main
3,3b6e4e67-541e-480d-bff7-b461cacee6d9,165,105,up,main
3,3b6e4e67-541e-480d-bff7-b461cacee6d9,166,105,right,main
3,3b6e4e67-541e-480d-bff7-b461cacee6d9,167,105,right,main
3,3b6e4e67-541e-480d-bff7-b461cacee6d9,168,105,right,main
3,3b6e4e67-541e-480d-bff7-b461cacee6d9,169,105,up,main
3,3b6e4e67-541e-480d-bff7-b461cacee6d9,170,105,left,main
3,3b6e4e67-541e-480d-bff7-b461cacee6d9,171,105,up,main
3,3b6e4e67-541e-480d-bff7-b461cacee6d9,172,105,right,main
3,3b6e4e67-541e-480d-bff7-b461cacee6d9,173,105,up,main
3,3b6e4e67-541e-480d-bff7-b461cacee6d9,174,105,left,main
3,3b6e4e67-541e-480d-bff7-b461cacee6d9,175,105,left,main
3,3b6e4e67-541e-480d-bff7-b461cacee6d9,176,105,left,main
3,3b6e4e67-541e-480d-bff7-b461cacee6d9,177,105,down,main
3,3b6e4e67-541e-480d-bff7-b461cacee6d9,178,105,right,main
3,3b6e4e67-541e-480d-bff7-b461cacee6d9,179,105,down,main
3,3b6e4e67-541e-480d-bff7-b461cacee6d9,180,105,left,main
3,3b6e4e67-541e-480d-bff7-b461cacee6d9,181,105,left,main
3,3b6e4e67-541e-480d-bff7-b461cacee6d9,182,105,left,main
3,3b6e4e67-541e-480d-bff7-b461cacee6d9,183,105,up,main
3,3b6e4e67-541e-480d-bff7-b461cacee6d9,184,105,right,main
3,3b6e4e67-541e-480d-bff7-b461cacee6d9,185,105,up,main
3,3b6e4e67-541e-480d-bff7-b461cacee6d9,186,105,left,main
3,3b6e4e67-541e-480d-bff7-b461cacee6d9,187,105,left,main
3,3b6e4e67-541e-480d-bff7-b461cacee6d9,188,105,down,main
3,3b6e4e67-541e-480d-bff7-b461cacee6d9,189,105,left,main
3,3b6e4e67-541e-480d-bff7-b461cacee6d9,190,105,down,main
3,3b6e4e67-541e-480d-bff7-b461cacee6d9,191,105,left,main
3,3b6e4e67-541e-480d-bff7-b461cacee6d9,192,105,left,main
3,3b6e4e67-541e-480d-bff7-b461cacee6d9,193,105,down,main
3,3b6e4e67-541e-480d-bff7-b461cacee6d9,194,105,left,main
3,3b6e4e67-541e-480d-bff7-b461cacee6d9,195,105,down,main
3,3b6e4e67-541e-480d-bff7-b461cacee6d9,196,105,right,main
3,3b6e4e67-541e-480d-bff7-b461cacee6d9,197,105,down,main
3,3b6e4e67-541e-480d-bff7-b461cacee6d9,198,105,left,main
3,3b6e4e67-541e-480d-bff7-b461cacee6d9,199,105,down,main
3,3b6e4e67-541e-480d-bff7-b461cacee6d9,200,105,right,main
3,3b6e4e67-541e-480d-bff7-b461cacee6d9,201,105,down,main
3,3b6e4e67-541e-480d-bff7-b461cacee6d9,202,105,left,main
3,3b6e4e67-541e-480d-bff7-b461cacee6d9,203,105,down,main
3,3b6e4e67-541e-480d-bff7-b461cacee6d9,204,105,right,main
3,3b6e4e67-541e-480d-bff7-b461cacee6d9,205,105,right,main
3,3b6e4e67-541e-480d-bff7-b461cacee6d9,206,105,up,main
3,3b6e4e67-541e-480d-bff7-b461cacee6d9,207,105,right,main
3,3b6e4e67-541e-480d-bff7-b461cacee6d9,208,105,up,main
3,3b6e4e67-541e-480d-bff7-b461cacee6d9,209,105,left,main
3,3b6e4e67-541e-480d-bff7-b461cacee6d9,210,105,up,main
3,3b6e4e67-541e-480d-bff7-b461cacee6d9,211,105,right,main
3,3b6e4e67-541e-480d-bff7-b461cacee6d9,212,105,right,main
3,3b6e4e67-541e-480d-bff7-b461cacee6d9,213,105,down,main
3,3b6e4e67-541e-480d-bff7-b461cacee6d9,214,105,right,main
3,3b6e4e67-541e-480d-bff7-b461cacee6d9,215,105,right,main
3,3b6e4e67-541e-480d-bff7-b461cacee6d9,216,105,down,main
3,3b6e4e67-541e-480d-bff7-b461cacee6d9,217,105,left,main
3,3b6e4e67-541e-480d-bff7-b461cacee6d9,218,105,down,main
3,3b6e4e67-541e-480d-bff7-b461cacee6d9,219,105,right,main
3,3b6e4e67-541e-480d-bff7-b461cacee6d9,220,105,down,main
3,3b6e4e67-541e-480d-bff7-b461cacee6d9,221,105,down,main
3,3b6e4e67-541e-480d-bff7-b461cacee6d9,222,105,left,main
3,3b6e4e67-541e-480d-bff7-b461cacee6d9,223,105,left,main
3,3b6e4e67-541e-480d-bff7-b461cacee6d9,224,105,left,main
3,3b6e4e67-541e-480d-bff7-b461cacee6d9,225,105,left,main
3,3b6e4e67-541e-480d-bff7-b461cacee6d9,226,105,left,main
3,3b6e4e67-541e-480d-bff7-b461cacee6d9,227,105,left,main
3,3b6e4e67-541e-480d-bff7-b461cacee6d9,228,105,up,main
3,3b6e4e67-541e-480d-bff7-b461cacee6d9,229,105,right,main
3,3b6e4e67-541e-480d-bff7-b461cacee6d9,230,105,right,main
3,3b6e4e67-541e-480d-bff7-b461cacee6d9,231,105,right,main
3,3b6e4e67-541e-480d-bff7-b461cacee6d9,232,105,up,main
3,3b6e4e67-541e-480d-bff7-b461cacee6d9,233,105,right,main
3,3b6e4e67-541e-480d-bff7-b461cacee6d9,234,105,down,main
3,3b6e4e67-541e-480d-bff7-b461cacee6d9,235,105,right,main
3,3b6e4e67-541e-480d-bff7-b461cacee6d9,236,105,down,main
3,6242f371-d7fd-4ce5-9868-ae2ad13208c3,0,106,right,main
3,6242f371-d7fd-4ce5-9868-ae2ad13208c3,1,106,up,main
3,6242f371-d7fd-4ce5-9868-ae2ad13208c3,2,106,left,main
3,6242f371-d7fd-4ce5-9868-ae2ad13208c3,3,106,down,main
3,6242f371-d7fd-4ce5-9868-ae2ad13208c3,4,106,left,main
3,6242f371-d7fd-4ce5-9868-ae2ad13208c3,5,106,up,main
3,6242f371-d7fd-4ce5-9868-ae2ad13208c3,6,106,left,main
3,6242f371-d7fd-4ce5-9868-ae2ad13208c3,7,106,left,main
3,6242f371-d7fd-4ce5-9868-ae2ad13208c3,8,106,left,main
3,6242f371-d7fd-4ce5-9868-ae2ad13208c3,9,106,left,main
3,6242f371-d7fd-4ce5-9868-ae2ad13208c3,10,106,left,main
3,6242f371-d7fd-4ce5-9868-ae2ad13208c3,11,106,left,main
3,6242f371-d7fd-4ce5-9868-ae2ad13208c3,12,106,down,main
3,6242f371-d7fd-4ce5-9868-ae2ad13208c3,13,106,right,main
3,6242f371-d7fd-4ce5-9868-ae2ad13208c3,14,106,right,main
3,6242f371-d7fd-4ce5-9868-ae2ad13208c3,15,106,down,main
3,6242f371-d7fd-4ce5-9868-ae2ad13208c3,16,106,right,main
3,6242f371-d7fd-4ce5-9868-ae2ad13208c3,17,106,down,main
3,6242f371-d7fd-4ce5-9868-ae2ad13208c3,18,106,right,main
3,6242f371-d7fd-4ce5-9868-ae2ad13208c3,19,106,up,main
3,6242f371-d7fd-4ce5-9868-ae2ad13208c3,20,106,up,main
3,6242f371-d7fd-4ce5-9868-ae2ad13208c3,21,106,left,main
3,6242f371-d7fd-4ce5-9868-ae2ad13208c3,22,106,down,main
3,6242f371-d7fd-4ce5-9868-ae2ad13208c3,23,106,left,main
3,6242f371-d7fd-4ce5-9868-ae2ad13208c3,24,106,down,main
3,6242f371-d7fd-4ce5-9868-ae2ad13208c3,25,106,down,main
3,6242f371-d7fd-4ce5-9868-ae2ad13208c3,26,106,left,main
3,6242f371-d7fd-4ce5-9868-ae2ad13208c3,27,106,down,main
3,6242f371-d7fd-4ce5-9868-ae2ad13208c3,28,106,left,main
3,6242f371-d7fd-4ce5-9868-ae2ad13208c3,29,106,up,main
3,6242f371-d7fd-4ce5-9868-ae2ad13208c3,30,106,up,main
3,6242f371-d7fd-4ce5-9868-ae2ad13208c3,31,106,left,main
3,6242f371-d7fd-4ce5-9868-ae2ad13208c3,32,106,up,main
3,6242f371-d7fd-4ce5-9868-ae2ad13208c3,33,106,up,main
3,6242f371-d7fd-4ce5-9868-ae2ad13208c3,34,106,up,main
3,6242f371-d7fd-4ce5-9868-ae2ad13208c3,35,106,right,main
3,6242f371-d7fd-4ce5-9868-ae2ad13208c3,36,106,down,main
3,6242f371-d7fd-4ce5-9868-ae2ad13208c3,37,106,down,main
3,6242f371-d7fd-4ce5-9868-ae2ad13208c3,38,106,right,main
3,6242f371-d7fd-4ce5-9868-ae2ad13208c3,39,106,down,main
3,6242f371-d7fd-4ce5-9868-ae2ad13208c3,40,106,left,main
3,6242f371-d7fd-4ce5-9868-ae2ad13208c3,41,106,left,main
3,6242f371-d7fd-4ce5-9868-ae2ad13208c3,42,106,left,main
3,6242f371-d7fd-4ce5-9868-ae2ad13208c3,43,106,down,main
3,6242f371-d7fd-4ce5-9868-ae2ad13208c3,44,106,right,main
3,6242f371-d7fd-4ce5-9868-ae2ad13208c3,45,106,right,main
3,6242f371-d7fd-4ce5-9868-ae2ad13208c3,46,106,down,main
3,6242f371-d7fd-4ce5-9868-ae2ad13208c3,47,106,down,main
3,6242f371-d7fd-4ce5-9868-ae2ad13208c3,48,106,down,main
3,6242f371-d7fd-4ce5-9868-ae2ad13208c3,49,106,down,main
3,6242f371-d7fd-4ce5-9868-ae2ad13208c3,50,106,left,main
3,6242f371-d7fd-4ce5-9868-ae2ad13208c3,51,106,up,main
3,6242f371-d7fd-4ce5-9868-ae2ad13208c3,52,106,up,main
3,6242f371-d7fd-4ce5-9868-ae2ad13208c3,53,106,up,main
3,6242f371-d7fd-4ce5-9868-ae2ad13208c3,54,106,up,main
3,6242f371-d7fd-4ce5-9868-ae2ad13208c3,55,106,left,main
3,6242f371-d7fd-4ce5-9868-ae2ad13208c3,56,106,up,main
3,6242f371-d7fd-4ce5-9868-ae2ad13208c3,57,106,up,main
3,6242f371-d7fd-4ce5-9868-ae2ad13208c3,58,106,right,main
3,6242f371-d7fd-4ce5-9868-ae2ad13208c3,59,106,down,main
3,6242f371-d7fd-4ce5-9868-ae2ad13208c3,60,106,right,main
3,6242f371-d7fd-4ce5-9868-ae2ad13208c3,61,106,right,main
3,6242f371-d7fd-4ce5-9868-ae2ad13208c3,62,106,right,main
3,6242f371-d7fd-4ce5-9868-ae2ad13208c3,63,106,down,main
3,6242f371-d7fd-4ce5-9868-ae2ad13208c3,64,106,right,main
3,6242f371-d7fd-4ce5-9868-ae2ad13208c3,65,106,down,main
3,6242f371-d7fd-4ce5-9868-ae2ad13208c3,66,106,right,main
3,6242f371-d7fd-4ce5-9868-ae2ad13208c3,67,106,down,main
3,6242f371-d7fd-4ce5-9868-ae2ad13208c3,68,106,down,main
3,6242f371-d7fd-4ce5-9868-ae2ad13208c3,69,106,right,main
3,6242f371-d7fd-4ce5-9868-ae2ad13208c3,70,106,down,main
3,6242f371-d7fd-4ce5-9868-ae2ad13208c3,71,106,down,main
3,6242f371-d7fd-4ce5-9868-ae2ad13208c3,72,106,right,main
3,6242f371-d7fd-4ce5-9868-ae2ad13208c3,73,106,right,main
3,6242f371-d7fd-4ce5-9868-ae2ad13208c3,74,106,down,main
3,6242f371-d7fd-4ce5-9868-ae2ad13208c3,75,106,right,main
3,6242f371-d7fd-4ce5-9868-ae2ad13208c3,76,106,up,main
3,6242f371-d7fd-4ce5-9868-ae2ad13208c3,77,106,up,main
3,6242f371-d7fd-4ce5-9868-ae2ad13208c3,78,106,up,main
3,6242f371-d7fd-4ce5-9868-ae2ad13208c3,79,106,up,main
3,6242f371-d7fd-4ce5-9868-ae2ad13208c3,80,106,left,main
3,6242f371-d7fd-4ce5-9868-ae2ad13208c3,81,106,left,main
3,6242f371-d7fd-4ce5-9868-ae2ad13208c3,82,106,left,main
3,6242f371-d7fd-4ce5-9868-ae2ad13208c3,83,106,up,main
3,6242f371-d7fd-4ce5-9868-ae2ad13208c3,84,106,right,main
3,6242f371-d7fd-4ce5-9868-ae2ad13208c3,85,106,up,main
3,6242f371-d7fd-4ce5-9868-ae2ad13208c3,86,106,right,main
3,6242f371-d7fd-4ce5-9868-ae2ad13208c3,87,106,right,main
3,6242f371-d7fd-4ce5-9868-ae2ad13208c3,88,106,down,main
3,6242f371-d7fd-4ce5-9868-ae2ad13208c3,89,106,left,main
3,6242f371-d7fd-4ce5-9868-ae2ad13208c3,90,106,down,main
3,c5b42f75-9ce8-41e6-8eec-2e0995364fb0,0,107,down,main
3,c5b42f75-9ce8-41e6-8eec-2e0995364fb0,1,107,right,main
3,c5b42f75-9ce8-41e6-8eec-2e0995364fb0,2,107,right,main
3,c5b42f75-9ce8-41e6-8eec-2e0995364fb0,3,107,right,main
3,c5b42f75-9ce8-41e6-8eec-2e0995364fb0,4,107,up,main
3,c5b42f75-9ce8-41e6-8eec-2e0995364fb0,5,107,left,main
3,c5b42f75-9ce8-41e6-8eec-2e0995364fb0,6,107,up,main
3,c5b42f75-9ce8-41e6-8eec-2e0995364fb0,7,107,left,main
3,c5b42f75-9ce8-41e6-8eec-2e0995364fb0,8,107,down,main
3,c5b42f75-9ce8-41e6-8eec-2e0995364fb0,9,107,down,main
3,c5b42f75-9ce8-41e6-8eec-2e0995364fb0,10,107,right,main
3,c5b42f75-9ce8-41e6-8eec-2e0995364fb0,11,107,right,main
3,c5b42f75-9ce8-41e6-8eec-2e0995364fb0,12,107,up,main
3,c5b42f75-9ce8-41e6-8eec-2e0995364fb0,13,107,up,main
3,c5b42f75-9ce8-41e6-8eec-2e0995364fb0,14,107,right,main
3,c5b42f75-9ce8-41e6-8eec-2e0995364fb0,15,107,up,main
3,c5b42f75-9ce8-41e6-8eec-2e0995364fb0,16,107,up,main
3,c5b42f75-9ce8-41e6-8eec-2e0995364fb0,17,107,right,main
3,c5b42f75-9ce8-41e6-8eec-2e0995364fb0,18,107,right,main
3,c5b42f75-9ce8-41e6-8eec-2e0995364fb0,19,107,up,main
3,c5b42f75-9ce8-41e6-8eec-2e0995364fb0,20,107,up,main
3,c5b42f75-9ce8-41e6-8eec-2e0995364fb0,21,107,left,main
3,c5b42f75-9ce8-41e6-8eec-2e0995364fb0,22,107,up,main
3,c5b42f75-9ce8-41e6-8eec-2e0995364fb0,23,107,up,main
3,c5b42f75-9ce8-41e6-8eec-2e0995364fb0,24,107,up,main
3,c5b42f75-9ce8-41e6-8eec-2e0995364fb0,25,107,up,main
3,c5b42f75-9ce8-41e6-8eec-2e0995364fb0,26,107,right,main
3,c5b42f75-9ce8-41e6-8eec-2e0995364fb0,27,107,down,main
3,c5b42f75-9ce8-41e6-8eec-2e0995364fb0,28,107,down,main
3,c5b42f75-9ce8-41e6-8eec-2e0995364fb0,29,107,left,main
3,c5b42f75-9ce8-41e6-8eec-2e0995364fb0,30,107,down,main
3,c5b42f75-9ce8-41e6-8eec-2e0995364fb0,31,107,down,main
3,c5b42f75-9ce8-41e6-8eec-2e0995364fb0,32,107,down,main
3,c5b42f75-9ce8-41e6-8eec-2e0995364fb0,33,107,left,main
3,c5b42f75-9ce8-41e6-8eec-2e0995364fb0,34,107,down,main
3,c5b42f75-9ce8-41e6-8eec-2e0995364fb0,35,107,left,main
3,c5b42f75-9ce8-41e6-8eec-2e0995364fb0,36,107,up,main
3,c5b42f75-9ce8-41e6-8eec-2e0995364fb0,37,107,up,main
3,c5b42f75-9ce8-41e6-8eec-2e0995364fb0,38,107,right,main
3,c5b42f75-9ce8-41e6-8eec-2e0995364fb0,39,107,right,main
3,c5b42f75-9ce8-41e6-8eec-2e0995364fb0,40,107,down,main
3,c5b42f75-9ce8-41e6-8eec-2e0995364fb0,41,107,left,main
3,c5b42f75-9ce8-41e6-8eec-2e0995364fb0,42,107,down,main
3,c5b42f75-9ce8-41e6-8eec-2e0995364fb0,43,107,down,main
3,c5b42f75-9ce8-41e6-8eec-2e0995364fb0,44,107,left,main
3,c5b42f75-9ce8-41e6-8eec-2e0995364fb0,45,107,left,main
3,c5b42f75-9ce8-41e6-8eec-2e0995364fb0,46,107,left,main
3,c5b42f75-9ce8-41e6-8eec-2e0995364fb0,47,107,down,main
3,c5b42f75-9ce8-41e6-8eec-2e0995364fb0,48,107,down,main
3,c5b42f75-9ce8-41e6-8eec-2e0995364fb0,49,107,down,main
3,c5b42f75-9ce8-41e6-8eec-2e0995364fb0,50,107,left,main
3,c5b42f75-9ce8-41e6-8eec-2e0995364fb0,51,107,up,main
3,c5b42f75-9ce8-41e6-8eec-2e0995364fb0,52,107,left,main
3,c5b42f75-9ce8-41e6-8eec-2e0995364fb0,53,107,up,main
3,c5b42f75-9ce8-41e6-8eec-2e0995364fb0,54,107,up,main
3,c5b42f75-9ce8-41e6-8eec-2e0995364fb0,55,107,right,main
3,c5b42f75-9ce8-41e6-8eec-2e0995364fb0,56,107,down,main
3,c5b42f75-9ce8-41e6-8eec-2e0995364fb0,57,107,right,main
3,c5b42f75-9ce8-41e6-8eec-2e0995364fb0,58,107,right,main
3,c5b42f75-9ce8-41e6-8eec-2e0995364fb0,59,107,right,main
3,c5b42f75-9ce8-41e6-8eec-2e0995364fb0,60,107,down,main
3,c5b42f75-9ce8-41e6-8eec-2e0995364fb0,61,107,left,main
3,c5b42f75-9ce8-41e6-8eec-2e0995364fb0,62,107,down,main
3,c5b42f75-9ce8-41e6-8eec-2e0995364fb0,63,107,right,main
3,c5b42f75-9ce8-41e6-8eec-2e0995364fb0,64,107,right,main
3,c5b42f75-9ce8-41e6-8eec-2e0995364fb0,65,107,right,main
3,c5b42f75-9ce8-41e6-8eec-2e0995364fb0,66,107,right,main
3,c5b42f75-9ce8-41e6-8eec-2e0995364fb0,67,107,up,main
3,c5b42f75-9ce8-41e6-8eec-2e0995364fb0,68,107,right,main
3,c5b42f75-9ce8-41e6-8eec-2e0995364fb0,69,107,right,main
3,c5b42f75-9ce8-41e6-8eec-2e0995364fb0,70,107,down,main
3,c5b42f75-9ce8-41e6-8eec-2e0995364fb0,71,107,right,main
3,c5b42f75-9ce8-41e6-8eec-2e0995364fb0,72,107,up,main
3,c5b42f75-9ce8-41e6-8eec-2e0995364fb0,73,107,up,main
3,c5b42f75-9ce8-41e6-8eec-2e0995364fb0,74,107,left,main
3,c5b42f75-9ce8-41e6-8eec-2e0995364fb0,75,107,left,main
3,c5b42f75-9ce8-41e6-8eec-2e0995364fb0,76,107,left,main
3,c5b42f75-9ce8-41e6-8eec-2e0995364fb0,77,107,left,main
3,c5b42f75-9ce8-41e6-8eec-2e0995364fb0,78,107,down,main
3,c5b42f75-9ce8-41e6-8eec-2e0995364fb0,79,107,right,main
3,c5b42f75-9ce8-41e6-8eec-2e0995364fb0,80,107,down,main
3,c5b42f75-9ce8-41e6-8eec-2e0995364fb0,81,107,left,main
3,c5b42f75-9ce8-41e6-8eec-2e0995364fb0,82,107,left,main
3,c5b42f75-9ce8-41e6-8eec-2e0995364fb0,83,107,left,main
3,c5b42f75-9ce8-41e6-8eec-2e0995364fb0,84,107,left,main
3,c5b42f75-9ce8-41e6-8eec-2e0995364fb0,85,107,up,main
3,c5b42f75-9ce8-41e6-8eec-2e0995364fb0,86,107,left,main
3,c5b42f75-9ce8-41e6-8eec-2e0995364fb0,87,107,left,main
3,c5b42f75-9ce8-41e6-8eec-2e0995364fb0,88,107,down,main
3,c5b42f75-9ce8-41e6-8eec-2e0995364fb0,89,107,right,main
3,c5b42f75-9ce8-41e6-8eec-2e0995364fb0,90,107,down,main
3,47f299ca-0677-4d24-9066-0398301e78ae,0,108,down,main
3,47f299ca-0677-4d24-9066-0398301e78ae,1,108,left,main
3,47f299ca-0677-4d24-9066-0398301e78ae,2,108,left,main
3,47f299ca-0677-4d24-9066-0398301e78ae,3,108,left,main
3,47f299ca-0677-4d24-9066-0398301e78ae,4,108,left,main
3,47f299ca-0677-4d24-9066-0398301e78ae,5,108,up,main
3,47f299ca-0677-4d24-9066-0398301e78ae,6,108,up,main
3,47f299ca-0677-4d24-9066-0398301e78ae,7,108,left,main
3,47f299ca-0677-4d24-9066-0398301e78ae,8,108,up,main
3,47f299ca-0677-4d24-9066-0398301e78ae,9,108,up,main
3,47f299ca-0677-4d24-9066-0398301e78ae,10,108,up,main
3,47f299ca-0677-4d24-9066-0398301e78ae,11,108,right,main
3,47f299ca-0677-4d24-9066-0398301e78ae,12,108,up,main
3,47f299ca-0677-4d24-9066-0398301e78ae,13,108,up,main
3,47f299ca-0677-4d24-9066-0398301e78ae,14,108,up,main
3,47f299ca-0677-4d24-9066-0398301e78ae,15,108,up,main
3,47f299ca-0677-4d24-9066-0398301e78ae,16,108,right,main
3,47f299ca-0677-4d24-9066-0398301e78ae,17,108,down,main
3,47f299ca-0677-4d24-9066-0398301e78ae,18,108,down,main
3,47f299ca-0677-4d24-9066-0398301e78ae,19,108,right,main
3,47f299ca-0677-4d24-9066-0398301e78ae,20,108,down,main
3,47f299ca-0677-4d24-9066-0398301e78ae,21,108,right,main
3,47f299ca-0677-4d24-9066-0398301e78ae,22,108,down,main
3,47f299ca-0677-4d24-9066-0398301e78ae,23,108,down,main
3,47f299ca-0677-4d24-9066-0398301e78ae,24,108,right,main
3,47f299ca-0677-4d24-9066-0398301e78ae,25,108,right,main
3,47f299ca-0677-4d24-9066-0398301e78ae,26,108,right,main
3,47f299ca-0677-4d24-9066-0398301e78ae,27,108,right,main
3,47f299ca-0677-4d24-9066-0398301e78ae,28,108,up,main
3,47f299ca-0677-4d24-9066-0398301e78ae,29,108,right,main
3,47f299ca-0677-4d24-9066-0398301e78ae,30,108,right,main
3,47f299ca-0677-4d24-9066-0398301e78ae,31,108,down,main
3,47f299ca-0677-4d24-9066-0398301e78ae,32,108,down,main
3,47f299ca-0677-4d24-9066-0398301e78ae,33,108,left,main
3,47f299ca-0677-4d24-9066-0398301e78ae,34,108,left,main
3,47f299ca-0677-4d24-9066-0398301e78ae,35,108,down,main
3,47f299ca-0677-4d24-9066-0398301e78ae,36,108,right,main
3,47f299ca-0677-4d24-9066-0398301e78ae,37,108,down,main
3,47f299ca-0677-4d24-9066-0398301e78ae,38,108,down,main
3,47f299ca-0677-4d24-9066-0398301e78ae,39,108,right,main
3,47f299ca-0677-4d24-9066-0398301e78ae,40,108,up,main
3,47f299ca-0677-4d24-9066-0398301e78ae,41,108,up,main
3,47f299ca-0677-4d24-9066-0398301e78ae,42,108,up,main
3,47f299ca-0677-4d24-9066-0398301e78ae,43,108,left,main
3,47f299ca-0677-4d24-9066-0398301e78ae,44,108,left,main
3,47f299ca-0677-4d24-9066-0398301e78ae,45,108,up,main
3,47f299ca-0677-4d24-9066-0398301e78ae,46,108,left,main
3,47f299ca-0677-4d24-9066-0398301e78ae,47,108,up,main
3,47f299ca-0677-4d24-9066-0398301e78ae,48,108,left,main
3,47f299ca-0677-4d24-9066-0398301e78ae,49,108,up,main
3,47f299ca-0677-4d24-9066-0398301e78ae,50,108,right,main
3,47f299ca-0677-4d24-9066-0398301e78ae,51,108,right,main
3,47f299ca-0677-4d24-9066-0398301e78ae,52,108,right,main
3,47f299ca-0677-4d24-9066-0398301e78ae,53,108,right,main
3,47f299ca-0677-4d24-9066-0398301e78ae,54,108,up,main
3,47f299ca-0677-4d24-9066-0398301e78ae,55,108,left,main
3,47f299ca-0677-4d24-9066-0398301e78ae,56,108,up,main
3,47f299ca-0677-4d24-9066-0398301e78ae,57,108,up,main
3,47f299ca-0677-4d24-9066-0398301e78ae,58,108,right,main
3,47f299ca-0677-4d24-9066-0398301e78ae,59,108,down,main
3,47f299ca-0677-4d24-9066-0398301e78ae,60,108,down,main
3,01004c69-2125-4efc-9ce7-d38c9190faba,0,109,left,main
3,01004c69-2125-4efc-9ce7-d38c9190faba,1,109,up,main
3,01004c69-2125-4efc-9ce7-d38c9190faba,2,109,right,main
3,01004c69-2125-4efc-9ce7-d38c9190faba,3,109,right,main
3,01004c69-2125-4efc-9ce7-d38c9190faba,4,109,down,main
3,01004c69-2125-4efc-9ce7-d38c9190faba,5,109,down,main
3,01004c69-2125-4efc-9ce7-d38c9190faba,6,109,down,main
3,01004c69-2125-4efc-9ce7-d38c9190faba,7,109,right,main
3,01004c69-2125-4efc-9ce7-d38c9190faba,8,109,down,main
3,01004c69-2125-4efc-9ce7-d38c9190faba,9,109,left,main
3,01004c69-2125-4efc-9ce7-d38c9190faba,10,109,down,main
3,01004c69-2125-4efc-9ce7-d38c9190faba,11,109,down,main
3,01004c69-2125-4efc-9ce7-d38c9190faba,12,109,left,main
3,01004c69-2125-4efc-9ce7-d38c9190faba,13,109,left,main
3,01004c69-2125-4efc-9ce7-d38c9190faba,14,109,down,main
3,01004c69-2125-4efc-9ce7-d38c9190faba,15,109,left,main
3,01004c69-2125-4efc-9ce7-d38c9190faba,16,109,left,main
3,01004c69-2125-4efc-9ce7-d38c9190faba,17,109,up,main
3,01004c69-2125-4efc-9ce7-d38c9190faba,18,109,left,main
3,01004c69-2125-4efc-9ce7-d38c9190faba,19,109,left,main
3,01004c69-2125-4efc-9ce7-d38c9190faba,20,109,down,main
3,01004c69-2125-4efc-9ce7-d38c9190faba,21,109,down,main
3,01004c69-2125-4efc-9ce7-d38c9190faba,22,109,down,main
3,01004c69-2125-4efc-9ce7-d38c9190faba,23,109,down,main
3,01004c69-2125-4efc-9ce7-d38c9190faba,24,109,right,main
3,01004c69-2125-4efc-9ce7-d38c9190faba,25,109,up,main
3,01004c69-2125-4efc-9ce7-d38c9190faba,26,109,up,main
3,01004c69-2125-4efc-9ce7-d38c9190faba,27,109,right,main
3,01004c69-2125-4efc-9ce7-d38c9190faba,28,109,right,main
3,01004c69-2125-4efc-9ce7-d38c9190faba,29,109,up,main
3,01004c69-2125-4efc-9ce7-d38c9190faba,30,109,left,main
3,01004c69-2125-4efc-9ce7-d38c9190faba,31,109,left,main
3,01004c69-2125-4efc-9ce7-d38c9190faba,32,109,up,main
3,01004c69-2125-4efc-9ce7-d38c9190faba,33,109,left,main
3,01004c69-2125-4efc-9ce7-d38c9190faba,34,109,down,main
3,01004c69-2125-4efc-9ce7-d38c9190faba,35,109,down,main
3,01004c69-2125-4efc-9ce7-d38c9190faba,36,109,down,main
3,01004c69-2125-4efc-9ce7-d38c9190faba,37,109,down,main
3,01004c69-2125-4efc-9ce7-d38c9190faba,38,109,right,main
3,01004c69-2125-4efc-9ce7-d38c9190faba,39,109,right,main
3,01004c69-2125-4efc-9ce7-d38c9190faba,40,109,right,main
3,01004c69-2125-4efc-9ce7-d38c9190faba,41,109,right,main
3,01004c69-2125-4efc-9ce7-d38c9190faba,42,109,up,main
3,01004c69-2125-4efc-9ce7-d38c9190faba,43,109,left,main
3,01004c69-2125-4efc-9ce7-d38c9190faba,44,109,up,main
3,01004c69-2125-4efc-9ce7-d38c9190faba,45,109,left,main
3,01004c69-2125-4efc-9ce7-d38c9190faba,46,109,left,main
3,01004c69-2125-4efc-9ce7-d38c9190faba,47,109,left,main
3,01004c69-2125-4efc-9ce7-d38c9190faba,48,109,up,main
3,01004c69-2125-4efc-9ce7-d38c9190faba,49,109,up,main
3,01004c69-2125-4efc-9ce7-d38c9190faba,50,109,right,main
3,01004c69-2125-4efc-9ce7-d38c9190faba,51,109,down,main
3,01004c69-2125-4efc-9ce7-d38c9190faba,52,109,right,main
3,01004c69-2125-4efc-9ce7-d38c9190faba,53,109,right,main
3,01004c69-2125-4efc-9ce7-d38c9190faba,54,109,right,main
3,01004c69-2125-4efc-9ce7-d38c9190faba,55,109,down,main
3,01004c69-2125-4efc-9ce7-d38c9190faba,56,109,down,main
3,01004c69-2125-4efc-9ce7-d38c9190faba,57,109,down,main
3,01004c69-2125-4efc-9ce7-d38c9190faba,58,109,right,main
3,01004c69-2125-4efc-9ce7-d38c9190faba,59,109,up,main
3,01004c69-2125-4efc-9ce7-d38c9190faba,60,109,right,main
3,01004c69-2125-4efc-9ce7-d38c9190faba,61,109,down,main
3,01004c69-2125-4efc-9ce7-d38c9190faba,62,109,right,main
3,01004c69-2125-4efc-9ce7-d38c9190faba,63,109,right,main
3,01004c69-2125-4efc-9ce7-d38c9190faba,64,109,right,main
3,01004c69-2125-4efc-9ce7-d38c9190faba,65,109,up,main
3,01004c69-2125-4efc-9ce7-d38c9190faba,66,109,right,main
3,01004c69-2125-4efc-9ce7-d38c9190faba,67,109,down,main
3,01004c69-2125-4efc-9ce7-d38c9190faba,68,109,down,main
